﻿<?xml version="1.0" encoding="utf-8" standalone="yes" ?>
<Window size="400,220" roundcorner="3,3" caption="0,0,0,220" showshadow="true" shadowimage="wnd_shadow.png" shadowsize="7" shadowcorner="20,20,20,20" >
	<Font id="0" name="微软雅黑" size="12" bold="false" />
	<Font id="1" name="微软雅黑" size="12" bold="true" />
	<Font id="2" name="微软雅黑" size="14" bold="false" />
	<Font id="3" name="微软雅黑" size="14" bold="true" />
	<Style name="btn_style"   shared="true" value="normalimage=&quot;res='button.png' source='0,1,50,35' corner='3,3,3,3' &quot; hotimage=&quot;res='button.png' source='51,1,101,35' corner='3,3,3,3' &quot; pushedimage=&quot; res='button.png' source='102,1,152,35' corner='3,3,3,3' &quot; disabledimage=&quot;res='button.png' source='153,1,203,35' corner='3,3,3,3' &quot;" />
	<Style name="check_style" shared="true" value="normalimage=&quot;res='check.png' source='1,1,17,17' dest='0,4,13,17' corner='2,2,2,2' &quot; hotimage=&quot;res='check.png'  source='18,1,34,17'  dest='0,4,13,17' corner='2,2,2,2' &quot; pushedimage=&quot; res='check.png'  source='35,1,51,17' dest='0,4,13,17' corner='2,2,2,2' &quot; disabledimage=&quot;res='check.png'  source='52,1,68,17'  dest='0,4,13,17' corner='2,2,2,2' &quot; selectedimage=&quot;res='check.png'  source='1,18,17,34' dest='0,4,13,17' corner='2,2,2,2' &quot; selectedhotimage=&quot;res='check.png'  source='18,18,34,34' dest='0,4,13,17' corner='2,2,2,2' &quot; selectedpushedimage=&quot; res='check.png'  source='35,18,51,34' dest='0,4,13,17' corner='2,2,2,2' &quot; selecteddisabledimage=&quot;res='check.png'  source='52,18,68,34' dest='0,4,13,17' corner='2,2,2,2' &quot; textpadding=&quot;16,2,0,0&quot; font=&quot;0&quot; textcolor=&quot;#FF353535&quot; align=&quot;left&quot; " />

	<VerticalLayout name="lay_bkg" width="400" height="220" bkimage="file='bkg_bugreport.png' corner='0,25,0,50'" >
		<HorizontalLayout height="25" >
			<Text padding="10,4,0,0" name="txt_caption" width="150" height="24" font="1" align="left" textcolor="#FFFFFF" text="错误报告" />
			<HorizontalLayout />
			<Button name="btn_min"	 width="25" height="25" normalimage="file='titlebutton.png' source='1,27,26,52'" hotimage="file='titlebutton.png' source='27,27,52,52'" pushedimage="file='titlebutton.png' source='53,27,78,52'" disabledimage="file='titlebutton.png' source='79,27,104,52'" tooltip="最小化" keyboard="false" />
			<Button name="btn_close" width="25" height="25" normalimage="file='titlebutton.png' source='1,1,26,26'"  hotimage="file='titlebutton.png' source='27,1,52,26'"  pushedimage="file='titlebutton.png' source='53,1,78,26'"  disabledimage="file='titlebutton.png' source='79,1,104,26'"  tooltip="关闭"	 keyboard="false" />
		</HorizontalLayout>
		<VerticalLayout padding="20,0,20,0" >
			<HorizontalLayout height="32" padding="0,10,0,0" >
				<Label width="32" bkimage="mb_iconwaring.png" />
				<HorizontalLayout width="20" />
				<Text  text="开会宝遇到错误，给您带来不便，我们深表歉意。" valign="vcenter" width="400" font="0" textcolor="#FF353535" />
			</HorizontalLayout>
			<HorizontalLayout height="10" />
			<HorizontalLayout height="1" bordercolor="#FFE6E6E6" bordersize="1" />
			<HorizontalLayout height="10" />
			<VerticalLayout height="60" >
				<Text  text="我们已经产生了相关错误报告（报告中不包含您的任何隐私信息），" width="400" font="0" textcolor="#FF353535" />
				<Text  text="希望您发送此报告给我们用以帮助改善开会宝的质量。" width="400" font="0" textcolor="#FF353535" />
				<Option name="btn_send_report" selected="true" style="check_style"  text="发送错误报告" padding="0,5,0,0" />
			</VerticalLayout>
			<HorizontalLayout height="10" />
			<HorizontalLayout height="1" bordercolor="#FFE6E6E6" bordersize="1" />
			<HorizontalLayout height="30" padding="0,25,0,0">
				<Option name="btn_restart" selected="true" style="check_style"  text="重启程序" />
				<HorizontalLayout />
				<Button name="btn_ok" width="60" height="24" font="1" textcolor="#FFFFFFFF" style="btn_style" text="确定" />
			</HorizontalLayout>
		</VerticalLayout>
	</VerticalLayout>
</Window>
