﻿<?xml version="1.0" encoding="utf-8"?>
<Window size="600,420" sizebox="0,0,0,0" caption="0,0,0,420" showshadow="true" roundcorner="3,3" shadowimage="wnd_shadow.png" shadowsize="7" shadowcorner="7,7,7,7" >
	<Font name="微软雅黑" size="12" bold="false" default="true" />
	<Font name="微软雅黑" size="12" bold="true" />
	<Font name="微软雅黑" size="14" bold="false" />
	<Font name="微软雅黑" size="14" bold="true" />
	<Font name="微软雅黑" size="20" bold="false" />
	<Font name="宋体" size="32" bold="false" />
  
	<Include source="default.xml" />
	<VerticalLayout >  	
		<TabLayout name="wizardTab"  >
			<Include source="configpage.xml" />
			<Include source="installingpage.xml" />		
			<Include source="finishpage.xml" />
			<Include source="uninstallpage.xml" />
			<Include source="uninstallingpage.xml" />		
			<Include source="uninstallfinishpage.xml" />
		</TabLayout>
		<HorizontalLayout float="true" pos="0,5,595,30" >
			<Container />
			<Button name="btnFinishedMin"	 width="25" height="25" normalimage="file='titlebutton.png' source='1,27,26,52'" hotimage="file='titlebutton.png' source='27,27,52,52'" pushedimage="file='titlebutton.png' source='53,27,78,52'" disabledimage="file='titlebutton.png' source='79,27,104,52'" tooltip="最小化" keyboard="false" />
			<Button name="btnClose" width="25" height="25" normalimage="file='titlebutton.png' source='1,1,26,26'"  hotimage="file='titlebutton.png' source='27,1,52,26'"  pushedimage="file='titlebutton.png' source='53,1,78,26'"  disabledimage="file='titlebutton.png' source='79,1,104,26'"  tooltip="关闭"	 keyboard="false" />
		</HorizontalLayout> 
	</VerticalLayout>
</Window>
