﻿<?xml version="1.0" encoding="utf-8" standalone="yes" ?>
<Window size="600,420" roundcorner="3,3" caption="0,0,0,420" showshadow="true" shadowimage="wnd_shadow.png" shadowsize="7" shadowcorner="20,20,20,20" >
	<Font id="0" name="微软雅黑" size="12" bold="true" />
	<Font id="1" name="微软雅黑" size="14" bold="true" />
	<Style name="btn_style"   shared="true" value="normalimage=&quot;res='button.png' source='0,1,50,35' corner='3,3,3,3' &quot; hotimage=&quot;res='button.png' source='51,1,101,35' corner='3,3,3,3' &quot; pushedimage=&quot; res='button.png' source='102,1,152,35' corner='3,3,3,3' &quot; disabledimage=&quot;res='button.png' source='153,1,203,35' corner='3,3,3,3' &quot;" />

	<VerticalLayout name="lay_bkg" width="600" height="420" bkimage="update_no.png" >
		<HorizontalLayout height="40" >
			<Text padding="10,7,0,0" name="txt_caption" width="150" height="24" font="0" align="left" textcolor="#FFFFFF" text="开会宝在线升级" />
			<HorizontalLayout />
			<Button name="btn_min"	 width="25" height="25" normalimage="file='titlebutton.png' source='1,27,26,52'" hotimage="file='titlebutton.png' source='27,27,52,52'" pushedimage="file='titlebutton.png' source='53,27,78,52'" disabledimage="file='titlebutton.png' source='79,27,104,52'" tooltip="最小化" keyboard="false" />
			<Button name="btn_close" width="25" height="25" normalimage="file='titlebutton.png' source='1,1,26,26'"  hotimage="file='titlebutton.png' source='27,1,52,26'"  pushedimage="file='titlebutton.png' source='53,1,78,26'"  disabledimage="file='titlebutton.png' source='79,1,104,26'"  tooltip="关闭"	 keyboard="false" />
		</HorizontalLayout>
		<HorizontalLayout/>
		<HorizontalLayout height="30" padding="0,0,20,20">
			<HorizontalLayout />
			<Button name="btn_ok" width="85" height="30" font="1" textcolor="#FFFFFFFF" style="btn_style" text="确定" />
		</HorizontalLayout>
	</VerticalLayout>
</Window>
